state_ut,year,min_pm25,max_pm25,avg_pm25
A&N Islands,1998,8.040693220870047,15.35829796626317,12.528077893569003
A&N Islands,1999,8.096007553594024,13.70940576991005,11.556489572892104
A&N Islands,2000,10.886307870262955,18.429713150996605,15.20494100895487
A&N Islands,2001,12.072539538760402,21.662428306041505,18.12401408907616
A&N Islands,2002,10.8459799698816,21.215171878571024,17.951739750999575
A&N Islands,2003,11.529285350022237,18.671734344221207,16.734486114270375
A&N Islands,2004,12.930391044040263,21.78762799274405,19.797846182951652
A&N Islands,2005,12.358371206890103,23.627152982846734,19.81082256935608
A&N Islands,2006,12.589341921006142,21.55708277266236,19.531548910323732
A&N Islands,2007,13.361317901291685,22.52490533237046,20.104482884296928
A&N Islands,2008,13.236854497945108,23.03413752811629,21.152088999262343
A&N Islands,2009,11.569460207283596,22.65582231272215,19.912051720485458
A&N Islands,2010,11.071311192193468,21.38723725267089,18.909181021826534
A&N Islands,2011,13.194901983302495,22.70259246105313,21.11947459789142
A&N Islands,2012,11.4180081402248,22.44952094637368,20.87566711302051
A&N Islands,2013,11.340096483579252,20.751997750266867,18.482224021083713
A&N Islands,2014,12.713678559172712,23.283307349004723,21.05763596353466
A&N Islands,2015,11.439831382464789,18.029664886555615,16.766586545819454
A&N Islands,2016,13.155755940456167,22.39137815771936,21.09206348314653
A&N Islands,2017,10.623579981663742,18.960981266759056,17.831455652245364
A&N Islands,2018,12.642946729614994,22.96756209224757,21.52212039644155
A&N Islands,2019,14.266158203324805,26.037713409292177,23.379455595892793
A&N Islands,2020,12.58841010626004,22.535571551977917,21.3528300680275
A&N Islands,2021,10.60196216536543,17.71732109565323,16.89326862325835
A&N Islands,2022,10.810587541900768,19.926011293970586,18.69590663339773
AP & Telangana,1998,10.61920773383831,29.771291074277222,17.160325433118558
AP & Telangana,1999,12.072525901385507,25.231235096879136,19.170049070803245
AP & Telangana,2000,13.200911111335722,27.26342321597568,20.66311690411157
AP & Telangana,2001,16.136840337480255,33.78381732909823,23.61246080429146
AP & Telangana,2002,16.427793336547463,34.1991801652247,24.381210302426837
AP & Telangana,2003,15.89062715030536,32.813173690230364,24.082506398323694
AP & Telangana,2004,17.124438142561495,35.43718143623844,25.344431632841662
AP & Telangana,2005,20.974019037750633,34.90588002944689,27.854009914781834
AP & Telangana,2006,19.305649623655235,36.770930407077614,29.29499357651397
AP & Telangana,2007,18.516972472101937,34.965634356758976,29.52683588353429
AP & Telangana,2008,20.964971168707155,51.579343940707226,32.4664669052306
AP & Telangana,2009,22.98713459654981,42.80956014141485,33.0976557498684
AP & Telangana,2010,22.25311939523715,42.0095168228651,31.42814517760919
AP & Telangana,2011,24.657767712714755,41.340394459972266,33.102683186297334
AP & Telangana,2012,19.263785772438116,45.99363543116677,30.74023011957176
AP & Telangana,2013,19.78822688725273,45.01157903633301,31.352502058471707
AP & Telangana,2014,22.148775471598725,45.44486771363151,35.08956703058145
AP & Telangana,2015,20.6636468724028,41.98537553663382,31.751416132240497
AP & Telangana,2016,20.27448314528778,45.51240391404401,32.83725055033103
AP & Telangana,2017,24.13243553417265,49.58237838955539,37.17628469682393
AP & Telangana,2018,25.31296964867991,46.17845552345298,36.67369687109883
AP & Telangana,2019,20.888362463587377,47.02088597784317,34.966695893709606
AP & Telangana,2020,23.01278551535091,47.34399155087511,35.98876016597138
AP & Telangana,2021,23.498473344076473,49.88473491010612,35.1756789906274
AP & Telangana,2022,23.087640670270684,47.83040088594588,33.54689216328292
Arunachal Pradesh,1998,11.248996101388624,28.58668448615339,15.886038365569695
Arunachal Pradesh,1999,10.584761360095229,35.10026955965761,17.839648623627177
Arunachal Pradesh,2000,10.213216525747203,27.925826045131984,18.749160717547348
Arunachal Pradesh,2001,10.73961788559074,34.00027987189319,20.71640525500345
Arunachal Pradesh,2002,14.430672355243242,34.37768674449801,20.072422802418565
Arunachal Pradesh,2003,12.239303744798574,42.102592838461824,18.840247194855884
Arunachal Pradesh,2004,14.574106508474474,29.161323812706552,20.128179710891736
Arunachal Pradesh,2005,16.022268631540022,36.347707104739015,21.91038175271092
Arunachal Pradesh,2006,14.639714514234416,42.65441795969247,25.717501103700172
Arunachal Pradesh,2007,15.490850965949498,38.29974890555681,22.28700757951268
Arunachal Pradesh,2008,14.426141260977648,36.31673290103132,23.371878574640363
Arunachal Pradesh,2009,16.802096864554986,39.37812826143354,27.60753422227924
Arunachal Pradesh,2010,13.761644786628082,49.87416021552488,24.878645493952597
Arunachal Pradesh,2011,14.627346803781656,43.27952258004031,24.51327757907862
Arunachal Pradesh,2012,13.249178968555333,33.646734541655604,22.490586059805832
Arunachal Pradesh,2013,13.180518577153896,37.29077497904881,19.54415329411662
Arunachal Pradesh,2014,12.506629537984336,31.55505410659211,21.37233575398408
Arunachal Pradesh,2015,9.125943310715288,37.15708764969912,19.917428562380234
Arunachal Pradesh,2016,14.804372854308255,32.669675070286374,21.06422146779549
Arunachal Pradesh,2017,9.056955792006532,36.41331368069681,21.076062681847223
Arunachal Pradesh,2018,11.668634345599347,35.79709051395356,20.857613646497335
Arunachal Pradesh,2019,13.5843910908948,34.12861119658262,20.331245432130878
Arunachal Pradesh,2020,12.69673316384366,43.72815992410611,21.65969102785262
Arunachal Pradesh,2021,12.035031229357282,37.43021997839045,23.686809875201657
Arunachal Pradesh,2022,12.814287494034804,28.947173928398247,19.908449670447524
Assam,1998,10.872047817473147,43.083317025193395,17.876450649395153
Assam,1999,10.484903435434626,32.66528549981398,18.9773539496583
Assam,2000,11.938682570611263,40.80055596938778,22.421491603958376
Assam,2001,15.767708177150087,50.20293601671487,24.66966284944806
Assam,2002,15.47994889652914,45.849267887131774,25.16487895215938
Assam,2003,14.463061986756252,48.654802925168994,25.511955588457194
Assam,2004,16.627993086189075,47.97382080618589,27.01415109096851
Assam,2005,18.48817490729624,52.15796694059806,28.129943386442328
Assam,2006,18.937626710723706,68.12770009141911,30.67974813472689
Assam,2007,19.369618298056785,58.49633297256299,29.193785350081985
Assam,2008,19.743169908236258,62.011843831514746,29.873322042826672
Assam,2009,25.192494290772913,84.26091597140514,36.16645389240521
Assam,2010,22.08712968003488,64.9935588821913,32.47012041821417
Assam,2011,22.12205206945864,76.35001945762941,32.079873514302776
Assam,2012,22.770104678415745,71.12389812348583,36.03659328880134
Assam,2013,20.026229621918898,58.61785058527289,31.135476144310694
Assam,2014,20.76449679665923,75.77772510982953,33.125749159755635
Assam,2015,19.681087091448788,54.089166166849544,33.01951248379973
Assam,2016,19.570725101318164,55.20751943112913,28.815634641517605
Assam,2017,19.71577978491879,52.850818064900935,30.24136893927391
Assam,2018,21.983398855989257,59.56643540813818,35.40752799152882
Assam,2019,18.657091599846368,61.199495302366294,33.732371265515226
Assam,2020,21.464107374288066,63.12547241472019,35.06140500501427
Assam,2021,23.43367125852821,52.56328302471088,33.68202438609853
Assam,2022,14.651482848654409,53.04160989948008,24.907885869211995
Bihar,1998,25.97963597729134,56.506937415498555,44.24156610379833
Bihar,1999,25.781877494883283,61.50900651004017,46.562696698105924
Bihar,2000,33.65180646220568,72.24290244273314,53.66232612311244
Bihar,2001,32.91441344069943,79.53181335544674,60.17350332244454
Bihar,2002,33.73129672963397,72.39171513215375,55.50254442119633
Bihar,2003,32.6705181937575,75.31656642193158,55.36719063782294
Bihar,2004,36.256603179221834,73.80535696642976,58.41014434397248
Bihar,2005,36.02103346697191,76.00655800455094,58.21949178461202
Bihar,2006,38.38176696908718,79.41141206879472,62.6182288926518
Bihar,2007,38.47522761977163,80.08036751199624,63.09670119142163
Bihar,2008,47.67013156429785,93.78329197824426,72.57807270966872
Bihar,2009,42.41464531368501,87.18571040347683,72.22727804919586
Bihar,2010,42.74174701639792,84.86486460867017,66.76611962689685
Bihar,2011,49.93366122086632,94.84978462090125,75.25847209832307
Bihar,2012,44.428824161851544,94.76859189953728,78.81066271154847
Bihar,2013,42.606388774448554,94.6635834344319,75.84208689052365
Bihar,2014,49.53938556544977,96.43051360518528,76.18438225034005
Bihar,2015,43.71644061893763,87.15307373282661,72.42399822356795
Bihar,2016,45.72073402862469,95.49908859984288,74.93547524769724
Bihar,2017,41.77073944879241,92.52498367770718,69.5694081916
Bihar,2018,45.92592752708613,87.66885549679857,71.80125511415083
Bihar,2019,50.22511691266832,93.57358144791787,77.2940884023168
Bihar,2020,44.91577013332685,84.86369202315521,71.13776033837479
Bihar,2021,43.40362013267932,89.80553651027222,71.1257026209641
Bihar,2022,32.09863511635132,92.49985997463271,67.34134091385674
Chandigarh,1998,25.24326095740547,25.24326095740547,25.24326095740547
Chandigarh,1999,25.428923825257684,25.428923825257684,25.428923825257684
Chandigarh,2000,33.09144871349476,33.09144871349476,33.09144871349476
Chandigarh,2001,34.0762392464653,34.0762392464653,34.0762392464653
Chandigarh,2002,36.01690189887479,36.01690189887479,36.01690189887479
Chandigarh,2003,38.57198822500287,38.57198822500287,38.57198822500287
Chandigarh,2004,40.504403638734985,40.504403638734985,40.504403638734985
Chandigarh,2005,37.37959129143804,37.37959129143804,37.37959129143804
Chandigarh,2006,38.10797264787478,38.10797264787478,38.10797264787478
Chandigarh,2007,38.72254798077552,38.72254798077552,38.72254798077552
Chandigarh,2008,44.38503861273707,44.38503861273707,44.38503861273707
Chandigarh,2009,42.69781349201604,42.69781349201604,42.69781349201604
Chandigarh,2010,50.21313918744368,50.21313918744368,50.21313918744368
Chandigarh,2011,49.586004515876056,49.586004515876056,49.586004515876056
Chandigarh,2012,49.56388935259448,49.56388935259448,49.56388935259448
Chandigarh,2013,48.47385133571748,48.47385133571748,48.47385133571748
Chandigarh,2014,47.26447979507824,47.26447979507824,47.26447979507824
Chandigarh,2015,52.60412023586462,52.60412023586462,52.60412023586462
Chandigarh,2016,59.21791766155815,59.21791766155815,59.21791766155815
Chandigarh,2017,52.98425086353612,52.98425086353612,52.98425086353612
Chandigarh,2018,53.758467566275144,53.758467566275144,53.758467566275144
Chandigarh,2019,48.43316107907696,48.43316107907696,48.43316107907696
Chandigarh,2020,49.27929414725451,49.27929414725451,49.27929414725451
Chandigarh,2021,53.24668077622703,53.24668077622703,53.24668077622703
Chandigarh,2022,49.24877979170632,49.24877979170632,49.24877979170632
Chhattisgarh,1998,14.251350272657106,45.53217153377711,29.024184586516085
Chhattisgarh,1999,16.624671900845225,40.82927213830568,28.755958300052452
Chhattisgarh,2000,13.718562265972912,53.21898854500469,28.624355491005193
Chhattisgarh,2001,21.35855009300941,56.974088869393874,38.096236468948966
Chhattisgarh,2002,20.216046449887788,47.51453469907512,32.202809679244524
Chhattisgarh,2003,21.402251799701546,57.69769731414229,36.44679833148824
Chhattisgarh,2004,23.613814739959313,94.17476307496236,44.79945731470391
Chhattisgarh,2005,24.964506444706696,53.61719093041755,38.634869768403476
Chhattisgarh,2006,23.430107859434283,60.78603778094497,39.52090291591703
Chhattisgarh,2007,24.90127114010011,82.47050095278826,44.684058049616915
Chhattisgarh,2008,31.51758894038911,89.57478605949993,51.39757224091517
Chhattisgarh,2009,30.02555561413113,88.48092346561194,46.270650770837605
Chhattisgarh,2010,26.618833746658435,106.5684608402708,46.23682054124564
Chhattisgarh,2011,31.438394637087644,101.51167916108504,51.85657730398842
Chhattisgarh,2012,25.48316598076398,85.23423780302451,49.04646983209524
Chhattisgarh,2013,23.646506552830473,90.29186173438352,49.04971935186226
Chhattisgarh,2014,28.900043777712852,92.91544767753388,55.292061847763826
Chhattisgarh,2015,29.159039793586505,78.1227253123699,50.86492923351451
Chhattisgarh,2016,31.11355402816821,72.28585139511418,52.67713006364743
Chhattisgarh,2017,31.4130402947069,79.19574195072708,50.88654322400074
Chhattisgarh,2018,32.862341476525515,83.0209644963975,52.486603499572446
Chhattisgarh,2019,29.4943256407314,87.03218804722806,53.33037900255008
Chhattisgarh,2020,35.817154163555394,80.06290912361094,54.477319701694455
Chhattisgarh,2021,32.86855069977381,86.63446740518185,56.50860174947244
Chhattisgarh,2022,29.43980964060629,85.17718602671735,52.96619677595715
D&N Haveli,1998,17.138802645046095,17.138802645046095,17.138802645046095
D&N Haveli,1999,17.66596792292099,17.66596792292099,17.66596792292099
D&N Haveli,2000,20.823122340624707,20.823122340624707,20.823122340624707
D&N Haveli,2001,22.02500760482083,22.02500760482083,22.02500760482083
D&N Haveli,2002,21.97359257026964,21.97359257026964,21.97359257026964
D&N Haveli,2003,25.233628260654815,25.233628260654815,25.233628260654815
D&N Haveli,2004,27.814025868230335,27.814025868230335,27.814025868230335
D&N Haveli,2005,27.92518276250509,27.92518276250509,27.92518276250509
D&N Haveli,2006,27.982088724481898,27.982088724481898,27.982088724481898
D&N Haveli,2007,28.324172228426573,28.324172228426573,28.324172228426573
D&N Haveli,2008,31.35454963592816,31.35454963592816,31.35454963592816
D&N Haveli,2009,28.59250429495001,28.59250429495001,28.59250429495001
D&N Haveli,2010,30.79744970523496,30.79744970523496,30.79744970523496
D&N Haveli,2011,31.75516702991819,31.75516702991819,31.75516702991819
D&N Haveli,2012,33.249267902007105,33.249267902007105,33.249267902007105
D&N Haveli,2013,31.620974876161817,31.620974876161817,31.620974876161817
D&N Haveli,2014,31.329954391002357,31.329954391002357,31.329954391002357
D&N Haveli,2015,34.19546861336441,34.19546861336441,34.19546861336441
D&N Haveli,2016,32.27176903159411,32.27176903159411,32.27176903159411
D&N Haveli,2017,36.564563114729,36.564563114729,36.564563114729
D&N Haveli,2018,37.213876434981984,37.213876434981984,37.213876434981984
D&N Haveli,2019,36.57240234886614,36.57240234886614,36.57240234886614
D&N Haveli,2020,39.16885490240026,39.16885490240026,39.16885490240026
D&N Haveli,2021,36.65951970596984,36.65951970596984,36.65951970596984
D&N Haveli,2022,37.81058104893995,37.81058104893995,37.81058104893995
Daman and Diu,1998,18.888482501303617,23.35486290182347,19.867822133724975
Daman and Diu,1999,17.925812486129665,22.34495389969826,18.894794063936725
Daman and Diu,2000,21.83734068844797,23.994251066407536,22.3102846894719
Daman and Diu,2001,22.776128261161222,24.967697336907396,23.256671846928672
Daman and Diu,2002,22.615561256781685,26.630464651828575,23.495905889911192
Daman and Diu,2003,26.56291104762027,28.46290055160033,26.979520215575533
Daman and Diu,2004,28.81496880218091,29.00019756974868,28.959582607099605
Daman and Diu,2005,27.12728872434972,27.175055981209255,27.164582093277733
Daman and Diu,2006,28.13732045674811,28.357819551358293,28.30947089251149
Daman and Diu,2007,29.418780195218527,30.24399224963052,29.59972377761994
Daman and Diu,2008,28.376502973873276,32.02831273905164,31.22758335364456
Daman and Diu,2009,26.680128358604495,29.391533195629545,28.79700564125273
Daman and Diu,2010,29.370918120500363,32.7018464097373,31.97147644706607
Daman and Diu,2011,30.699936570977247,32.44747780093459,32.0642958432159
Daman and Diu,2012,30.332736994215715,34.34062090668503,33.4618154298456
Daman and Diu,2013,28.72760276215654,34.02487261543655,32.86334452205155
Daman and Diu,2014,29.445307531495196,34.51974362874948,33.40707611353913
Daman and Diu,2015,31.09563147168767,37.37236378115755,35.99606974403344
Daman and Diu,2016,26.747210648648984,35.48960570245179,33.57266778165199
Daman and Diu,2017,30.839609323545968,41.405539133628864,39.088756215812005
Daman and Diu,2018,36.439314218929745,41.61291832264599,40.4785063185459
Daman and Diu,2019,32.872335074452714,40.98182052210914,39.20366018079343
Daman and Diu,2020,32.78736095707776,41.29946130171654,39.43301991627567
Daman and Diu,2021,33.841222901412394,40.4034560136931,38.96456044552873
Daman and Diu,2022,34.52894847071692,44.30179702291841,42.15891239363144
Goa,1998,15.61059041481527,18.11332772211632,17.26151670094739
Goa,1999,16.066179112851604,18.181144745454013,17.38589482127167
Goa,2000,18.253736586495258,20.939622844467863,20.069698706614297
Goa,2001,19.3618955916451,20.71989125258964,20.07403217411876
Goa,2002,20.771599257238787,22.902863823095373,21.39170081278123
Goa,2003,21.49529016691797,24.946975517565615,22.49821542761253
Goa,2004,19.96833255029589,23.03934228933072,21.496304859870023
Goa,2005,22.651797736829167,24.178500918823143,23.099140116941847
Goa,2006,21.42374234875407,24.13844551091162,22.764307202268895
Goa,2007,24.16575494580683,25.628550578112,24.72563989812877
Goa,2008,23.52381992119601,26.957901669942977,25.413563597965275
Goa,2009,26.384816789747937,28.662067252686217,27.865685205130106
Goa,2010,24.468591146577683,27.707373921806997,25.937645165899376
Goa,2011,25.04907571507653,28.484805598586973,26.077576828682503
Goa,2012,27.02396452691824,29.352050781586236,28.505086382806248
Goa,2013,23.244137884436043,27.358784267303164,25.88402945398802
Goa,2014,28.23942277072539,31.799389663685098,30.128325523143694
Goa,2015,26.855931254542178,31.30119022644301,29.443114434733165
Goa,2016,26.878063143719775,30.15821738609717,28.935150035497504
Goa,2017,30.365202993261697,32.59023007391367,31.61267671441568
Goa,2018,28.831098392865485,32.24167563378809,31.043532312593165
Goa,2019,25.6225201987406,29.369561113447556,27.80426332068089
Goa,2020,29.7482182716332,33.097892949293396,31.570933500274716
Goa,2021,29.92312168719553,32.5732889268899,31.402100928403037
Goa,2022,27.93688342842619,33.69786855065764,31.876964281718145
Gujarat,1998,18.24927224418233,48.283023702585545,31.371507240930114
Gujarat,1999,17.994429836254287,56.75218688337697,29.941860514149234
Gujarat,2000,20.495357586880292,61.400714450065,33.7661496196712
Gujarat,2001,22.399756642336506,73.27467727421954,36.079585481600084
Gujarat,2002,22.25196436918641,71.98550855535929,36.40574805268395
Gujarat,2003,26.187462776215423,65.88230057233076,39.41880681207755
Gujarat,2004,26.8492656021616,72.73319435219535,41.08564868335237
Gujarat,2005,26.846401577375037,70.80921483643809,41.19035721226902
Gujarat,2006,27.443112699374947,58.15246913111306,37.64115005602069
Gujarat,2007,26.33926831048271,47.021803766602176,36.7121908101936
Gujarat,2008,28.458450404429016,63.85125398614848,42.29614432412594
Gujarat,2009,27.53803377243471,54.69174620016608,39.161433374648716
Gujarat,2010,29.887747088121984,57.5103486636216,39.656563599091314
Gujarat,2011,30.496093509516808,66.52155176107551,42.35168895335814
Gujarat,2012,31.545747481838863,64.17743603817458,42.29090479273504
Gujarat,2013,27.844014444091616,62.38540572800727,41.706318428439324
Gujarat,2014,28.99516293093957,69.61353499922483,45.16851045572484
Gujarat,2015,27.751413161247314,66.8477433508529,41.58768047313999
Gujarat,2016,28.046645602058415,73.00135626098076,40.20719529845004
Gujarat,2017,29.590584833086503,66.03279350592669,44.43473760237186
Gujarat,2018,33.6555055161739,75.04849938025365,47.42734592114595
Gujarat,2019,32.18834804687605,66.44326428187755,45.802118535156616
Gujarat,2020,33.083748201119704,70.33898629731564,45.43267125382608
Gujarat,2021,33.04030953502123,59.2914361477835,46.70798011617694
Gujarat,2022,34.72990777965188,73.34778910751362,46.48454167155663
Haryana,1998,22.142791679781457,50.97323568509007,41.054006871484404
Haryana,1999,21.427839426520222,52.77045997405415,42.810775950761204
Haryana,2000,29.740560300273284,67.40661680201802,53.84654268641204
Haryana,2001,29.29334689027197,68.9573867037329,54.93490121169172
Haryana,2002,31.81881084689975,69.35980204513781,57.692143353321995
Haryana,2003,32.94336493468312,80.8367865726082,65.08865576668802
Haryana,2004,34.41632655378093,74.83017597647189,63.02881276968964
Haryana,2005,32.770357382485024,70.20151856563719,59.67514781257949
Haryana,2006,34.3510941172284,68.17939904525859,57.87330968384664
Haryana,2007,32.987199598310085,75.07943636375947,62.32474179673391
Haryana,2008,37.19305489477868,83.77155479039885,69.25005261429632
Haryana,2009,35.074169674930715,74.18475168510672,62.38989493543183
Haryana,2010,42.13795108131252,94.22098191758714,76.90746709255873
Haryana,2011,40.770030333026774,103.88242477202246,78.5708654643694
Haryana,2012,40.054653817134934,90.5764264854313,71.17156398164852
Haryana,2013,40.41013006215899,90.8846811435595,71.36633795166802
Haryana,2014,39.15318154308497,84.07157023912846,68.05557493733697
Haryana,2015,42.5440087150708,86.55664205173504,71.55626580267918
Haryana,2016,48.12489116966504,104.44374239645865,82.51517587704751
Haryana,2017,43.96125815768925,96.54826568808596,78.71903646854396
Haryana,2018,44.50121072009976,98.9009007907574,74.98599820821103
Haryana,2019,39.06346832584533,86.82712291603569,70.19201025175215
Haryana,2020,40.54787080453429,86.63947123167581,70.81040779523497
Haryana,2021,43.24848058729158,88.21583794972226,71.16762421126505
Haryana,2022,40.393431227437155,83.83577585974545,70.22186004326261
Himachal Pradesh,1998,10.975226143366624,37.95410132634766,22.665353771002234
Himachal Pradesh,1999,10.677258175408772,31.289285807811034,20.63208434314233
Himachal Pradesh,2000,15.957300722726677,39.00566168500885,27.68694610159366
Himachal Pradesh,2001,17.72813453070021,44.97142051451725,32.21391968476406
Himachal Pradesh,2002,17.835141601395197,47.178404950498376,31.89682972945771
Himachal Pradesh,2003,17.31824742767254,43.647079401137375,32.722348374155494
Himachal Pradesh,2004,17.800719148528252,43.15909520794288,31.312446625889994
Himachal Pradesh,2005,15.175466561097506,41.246649148278216,29.04897653217993
Himachal Pradesh,2006,14.61703231629702,41.084500946952105,29.49852564239954
Himachal Pradesh,2007,16.383036842033366,50.197973024381426,31.951617052827224
Himachal Pradesh,2008,16.218048888016522,47.63309793365044,33.3100988676524
Himachal Pradesh,2009,20.33725592630491,42.50962523236364,31.523116973543093
Himachal Pradesh,2010,16.772952887229064,55.58853620373944,35.45277365736529
Himachal Pradesh,2011,18.523838995315906,53.25087861316802,36.67107583599638
Himachal Pradesh,2012,19.027997479315143,49.85913221748165,35.22462634438214
Himachal Pradesh,2013,20.42158923791834,59.8406316601519,36.76187382822685
Himachal Pradesh,2014,20.39624266692768,51.200763645129314,34.593197014607945
Himachal Pradesh,2015,17.88480658656226,48.36179935656543,35.63573290165282
Himachal Pradesh,2016,21.28289447222475,59.510665482957336,41.40435327387643
Himachal Pradesh,2017,16.868212714302377,49.077240715821915,35.4074263892602
Himachal Pradesh,2018,18.331151109906852,48.966161722944726,39.16239453135684
Himachal Pradesh,2019,15.002287040517256,49.9694247619571,34.921018404658035
Himachal Pradesh,2020,18.74698274391125,48.76695490534756,33.39714388792011
Himachal Pradesh,2021,11.32820332656038,52.87777761471364,38.320433819896365
Himachal Pradesh,2022,21.379207909486244,54.33338350234904,37.32533716693862
Jammu and Kashmir,1998,7.995840455946736,33.42317863763071,21.788229092041046
Jammu and Kashmir,1999,7.9600344829670915,33.34929135453817,18.261845683391687
Jammu and Kashmir,2000,9.91603283466026,34.6765229151876,25.818790328706918
Jammu and Kashmir,2001,11.214050741317294,53.063034155287625,33.11876639879903
Jammu and Kashmir,2002,10.237149535968012,46.41230094891674,34.16631624540438
Jammu and Kashmir,2003,9.359404329320496,44.16488668709477,31.001124930869604
Jammu and Kashmir,2004,9.265792533562545,45.5300629135202,29.707536195722543
Jammu and Kashmir,2005,9.743810280897495,42.88143193227239,28.889323595670398
Jammu and Kashmir,2006,8.268214672581486,47.85170859595322,27.25189188233436
Jammu and Kashmir,2007,8.034129603980508,51.46979698258876,28.670478377457446
Jammu and Kashmir,2008,8.955225820796468,53.57553759668447,31.915494862639548
Jammu and Kashmir,2009,8.046181849852864,46.53351203914779,31.35761199035174
Jammu and Kashmir,2010,9.394258092925003,53.4727041446737,29.884821638760744
Jammu and Kashmir,2011,7.908213758413947,52.78872483765576,32.64577486389013
Jammu and Kashmir,2012,12.273939055577337,45.018245171552735,32.48311265320829
Jammu and Kashmir,2013,11.067100395415132,52.37862317795469,35.256819631393235
Jammu and Kashmir,2014,11.229340180988112,50.47443177157928,34.13744008399378
Jammu and Kashmir,2015,12.199287782838269,46.825619418734824,31.117336076347726
Jammu and Kashmir,2016,11.323192478902016,50.35834689765492,38.693704513001734
Jammu and Kashmir,2017,9.234294190489493,48.4667296597636,30.378872820588608
Jammu and Kashmir,2018,8.301559791829701,50.49512959854561,35.33244953578859
Jammu and Kashmir,2019,7.720500141435173,43.58178935227315,28.374443866495014
Jammu and Kashmir,2020,9.269242339606643,48.863087866516,28.718684016053256
Jammu and Kashmir,2021,8.606372759789329,54.6643980762404,32.8183474799379
Jammu and Kashmir,2022,8.387771063148653,51.180864003774744,32.33398551368391
Jharkhand,1998,19.722994064569228,47.52410473570381,33.6812889751713
Jharkhand,1999,24.052142804142367,59.39849328699365,41.439570885232705
Jharkhand,2000,20.24332046614859,51.28173316769526,40.746201343528774
Jharkhand,2001,31.556271751153982,67.34197421235103,50.442681698236846
Jharkhand,2002,26.533406415236392,57.0610902298073,45.697163901455944
Jharkhand,2003,32.6596247335855,58.49089010135395,46.2237244487092
Jharkhand,2004,32.921409300544475,67.27593727797709,52.020248953291016
Jharkhand,2005,30.811315451836496,56.655011504548774,44.49090691988297
Jharkhand,2006,29.42607417562399,62.94740427282263,51.41430636059606
Jharkhand,2007,31.34963344017761,63.623053628258575,51.81373702189442
Jharkhand,2008,41.428190025761424,83.81494880734934,66.14611474111345
Jharkhand,2009,34.70135390810059,73.37077016941751,56.98896588717804
Jharkhand,2010,34.91075712646029,72.78011137714225,55.799941454570565
Jharkhand,2011,42.609139812456156,77.4177869736041,64.51826431589626
Jharkhand,2012,40.80282199546762,70.92169261770741,59.7152599426523
Jharkhand,2013,38.75057294361885,70.33813532940468,58.5145440232027
Jharkhand,2014,41.5625913003308,72.18761553325659,58.95142219527227
Jharkhand,2015,39.45012617830745,74.95845346246269,57.06278438157343
Jharkhand,2016,40.255205576024416,76.70817058426287,60.5178739535057
Jharkhand,2017,39.293783974682306,71.63083065610482,59.400869879199675
Jharkhand,2018,38.75539748858331,72.16209047304933,58.97198494421302
Jharkhand,2019,33.44256772642361,74.1620420392765,59.82991853708774
Jharkhand,2020,37.53845760875502,74.24066771806261,60.207813316786094
Jharkhand,2021,42.12572831516536,80.46073846282557,62.81224220882107
Jharkhand,2022,37.36109760488272,72.17607954302638,55.95036953933939
Karnataka,1998,7.225343595075096,18.340879510621523,13.144248075519863
Karnataka,1999,8.64574434281576,20.94316835571061,14.915764366608876
Karnataka,2000,9.107335179386215,21.65484848903516,16.1058545785058
Karnataka,2001,11.43098837336376,25.99027872098956,19.550607975461702
Karnataka,2002,13.571656246455712,28.53826458791005,21.01384702341209
Karnataka,2003,14.098353243697336,26.274316199208155,21.40067910737947
Karnataka,2004,14.45251422396975,28.339573306243313,22.579378142020804
Karnataka,2005,13.915956748675914,29.91023781807501,24.517948944504923
Karnataka,2006,14.45276608190186,30.16898766985975,24.222454137576786
Karnataka,2007,15.162204653367567,30.877582555680853,25.18311956105397
Karnataka,2008,16.666236728332606,32.35868600346956,26.116267900709694
Karnataka,2009,15.740703036756338,32.61616919415264,26.70098451275392
Karnataka,2010,18.66159783585458,34.22711107056998,26.51825584893697
Karnataka,2011,18.43444852253547,34.455443415899424,28.156683506153154
Karnataka,2012,15.78013171245594,30.443026558015585,26.17734273309443
Karnataka,2013,13.174919052209292,30.821357504107056,24.181611450280077
Karnataka,2014,16.156870521010504,34.53203308681025,28.427970649460736
Karnataka,2015,17.767015911159845,32.72093701181767,26.4328170149442
Karnataka,2016,15.93460003991934,35.013094103735014,27.379722588803663
Karnataka,2017,18.899939902333553,37.335870139376155,30.073975354756403
Karnataka,2018,19.017244660738832,36.98163172707914,30.54903493807731
Karnataka,2019,15.919187844083105,33.99641746020485,27.168717401814195
Karnataka,2020,18.64806640332184,35.624411009754326,28.79510193568617
Karnataka,2021,18.298680206592657,38.23605444724436,29.91364702559226
Karnataka,2022,17.63802127026529,37.81173177746744,31.028096063667082
Kerala,1998,7.113152525373107,18.199398764340263,13.595803016060895
Kerala,1999,8.01292428400506,19.03272990807755,14.579389986578034
Kerala,2000,9.945119679838,20.888687281482433,16.70395169415368
Kerala,2001,10.80855314543748,21.784220982770393,17.877998412468397
Kerala,2002,15.070425201679974,23.775303238891237,20.034644921635454
Kerala,2003,11.923870342508192,25.230839065864195,19.067541994115007
Kerala,2004,13.883390714225769,26.259326946345656,20.809283454642536
Kerala,2005,12.68958555043554,25.734987672504747,21.466059135563686
Kerala,2006,14.39087656174864,27.948573651882917,22.5181636664147
Kerala,2007,15.646216291971973,26.88764979010964,22.387442876090056
Kerala,2008,17.561940246604298,29.51780732239357,25.162983583445616
Kerala,2009,18.977215037837652,30.24420558647105,25.958788048248405
Kerala,2010,17.768663152249133,27.098317870489257,23.04755084820389
Kerala,2011,18.05441616338431,29.52272124082358,26.003134343264364
Kerala,2012,16.85382611850183,31.28900400242247,25.325053719252058
Kerala,2013,12.7588082326345,26.86793377883795,21.33552154083988
Kerala,2014,17.187609512568976,30.238362270007652,26.014059414391415
Kerala,2015,15.818443610182316,30.90556104205859,24.142370428774313
Kerala,2016,16.87552390978848,32.10693924915798,25.644607404675824
Kerala,2017,18.956033412901153,30.28126669348993,26.828460756389724
Kerala,2018,19.417441067277444,33.70327859744726,29.28190979388182
Kerala,2019,16.491585545495806,27.941456920171376,23.999286604209153
Kerala,2020,17.370063995760184,31.2439482692634,25.890350146242223
Kerala,2021,17.160733900978258,31.20745599113054,26.587113859701468
Kerala,2022,17.194132048600217,32.088417813191214,26.76493265031374
Lakshadweep,1998,9.87959083424164,13.549262046813965,11.150272380211742
Lakshadweep,1999,12.200922408550332,16.355558395385742,14.000682039897146
Lakshadweep,2000,12.490365327100545,16.479141235351563,13.983052316722201
Lakshadweep,2001,15.1359394265639,18.68175315856934,16.362658986684146
Lakshadweep,2002,14.5731010181025,17.7852725982666,15.74352200059732
Lakshadweep,2003,14.660664053712074,18.011281418168707,16.533636556407636
Lakshadweep,2004,16.474327834908184,19.732225288089317,17.892579963656484
Lakshadweep,2005,13.90093500613727,17.472291946411136,15.105305695790177
Lakshadweep,2006,17.081219227791014,21.890520095825195,18.396238726697796
Lakshadweep,2007,19.00738239685702,23.14862823486328,19.90146445421785
Lakshadweep,2008,18.538200005386535,23.615686416625977,19.63980125041352
Lakshadweep,2009,18.93931545736589,24.84941673278809,20.632789300385948
Lakshadweep,2010,17.559832150099275,22.133575439453125,18.376539972557236
Lakshadweep,2011,19.316036335575863,24.671518325805664,20.639635683543723
Lakshadweep,2012,17.807194116157312,23.67689323425293,19.34715203439968
Lakshadweep,2013,16.228100080768275,24.086685180664063,18.467244184386253
Lakshadweep,2014,18.380572131227805,24.517183303833008,20.880476388089185
Lakshadweep,2015,16.582051480578087,22.849199295043945,19.306143871047578
Lakshadweep,2016,19.091278321806417,26.84956075483921,23.23806246301706
Lakshadweep,2017,18.666228976553484,24.989162876852134,21.634357015636873
Lakshadweep,2018,19.697116552253675,25.69278825621077,22.429737198259147
Lakshadweep,2019,16.57518747665997,21.486242294311523,18.969648097356217
Lakshadweep,2020,17.562692077883124,26.34504508972168,21.233497078725037
Lakshadweep,2021,16.379758537453224,26.872495651245117,20.517693679281994
Lakshadweep,2022,17.3791675272952,25.513330459594727,20.555565928965837
Madhya Pradesh,1998,15.3341374013678,58.25569186275407,26.64849245201178
Madhya Pradesh,1999,19.26453171175431,57.13617236531248,27.773361905577982
Madhya Pradesh,2000,15.894502560772686,61.425104667140815,26.594239311686053
Madhya Pradesh,2001,19.987035791336087,73.88838038275968,32.56402819411354
Madhya Pradesh,2002,20.365306145022576,75.97859519441407,33.52792561027162
Madhya Pradesh,2003,23.115356977099644,80.78324004842139,36.171392265856475
Madhya Pradesh,2004,22.811979748171417,70.95178846871988,36.36083407082535
Madhya Pradesh,2005,23.683188376925965,78.30076480086105,35.58846615834598
Madhya Pradesh,2006,23.805149112073423,67.42238517628354,36.45435545748711
Madhya Pradesh,2007,26.003057950700303,72.48937137248443,36.204218372331155
Madhya Pradesh,2008,27.89905766844994,86.87381130563017,42.73893329124344
Madhya Pradesh,2009,27.867284079192093,76.95388011678067,39.916375723499314
Madhya Pradesh,2010,27.77980823992986,80.33512518720987,40.059693910774214
Madhya Pradesh,2011,32.73099087228915,84.03240273616873,45.24027625341477
Madhya Pradesh,2012,28.157717217942476,77.99973111439145,42.14420859185705
Madhya Pradesh,2013,29.06105229431613,80.53532360382879,42.89517810517169
Madhya Pradesh,2014,31.471261008049417,74.37909586304542,43.91734555356604
Madhya Pradesh,2015,32.55791872095612,73.01811911551646,42.84277715187912
Madhya Pradesh,2016,29.163623044351503,84.78993683792443,44.93539906761805
Madhya Pradesh,2017,30.02879996180876,84.18514435556547,46.77121982002985
Madhya Pradesh,2018,29.823650871895445,79.92886294284212,45.64411091903532
Madhya Pradesh,2019,29.535246471315332,80.60301892183226,46.28173003456331
Madhya Pradesh,2020,34.38111025720006,80.69884237254969,46.07015192600048
Madhya Pradesh,2021,34.505681644446476,81.00484374728927,47.692507661249806
Madhya Pradesh,2022,32.07415169445995,77.22702172546802,44.70659400058745
Maharashtra,1998,11.661738228329332,31.648769319637513,21.84960148340386
Maharashtra,1999,11.609024138533686,29.66597098258414,21.631351680793944
Maharashtra,2000,13.243343356203534,32.16040840127374,24.270803247230734
Maharashtra,2001,14.15334740511429,41.17240605532129,26.48272215409515
Maharashtra,2002,15.970384211298768,36.37842466901328,26.759858162970307
Maharashtra,2003,18.152327656660468,41.02706319417872,29.51700363220405
Maharashtra,2004,17.516769204552123,47.89680387716523,30.86492346267023
Maharashtra,2005,18.64602708963838,39.10014181448558,31.89297818021844
Maharashtra,2006,18.13425283968078,41.35455995422619,32.95663070969469
Maharashtra,2007,20.029951846332967,42.04279130697102,32.58976984539572
Maharashtra,2008,19.15855656146783,44.1932120384548,35.52540076650987
Maharashtra,2009,21.04209488547652,41.933962535704495,34.63215041884779
Maharashtra,2010,20.943520185939725,44.31140671737303,35.27669345198724
Maharashtra,2011,24.68374948200085,48.880102762376346,37.95234826528201
Maharashtra,2012,21.810602680669895,42.57529618612819,35.69325251412547
Maharashtra,2013,18.20095458844491,44.419618757925775,36.27864579422326
Maharashtra,2014,24.775022970785773,50.9715266995811,38.82992300121769
Maharashtra,2015,21.832357912666215,47.6693519003363,38.53547272520211
Maharashtra,2016,20.1078802549177,52.47739141101298,38.4819739733929
Maharashtra,2017,23.145955195396063,51.366537569801515,42.866318371155145
Maharashtra,2018,25.37741730680431,51.627002936263544,41.73509273199768
Maharashtra,2019,22.89179582860945,55.348407164276445,40.82012589130833
Maharashtra,2020,26.950666742314365,51.51708594340758,42.02480932804478
Maharashtra,2021,24.42909406056649,56.34728917648043,42.2311174198692
Maharashtra,2022,24.50875963832203,58.74268836817479,41.477861667143614
Manipur,1998,16.846283318765746,26.0809645883499,20.958899349397683
Manipur,1999,21.1859699432174,28.95323540785703,26.334127437307725
Manipur,2000,15.956953661121156,23.26740702597845,19.92933857593359
Manipur,2001,20.978554372216436,26.12117704916282,23.547923260997266
Manipur,2002,18.870673442662333,26.562365880309567,24.082875933414616
Manipur,2003,20.503165809497727,28.139722698018247,23.870447865809094
Manipur,2004,23.812200009058913,30.150450030182604,27.112040003092172
Manipur,2005,22.35120124335464,31.059834650806145,26.927058374152434
Manipur,2006,26.887651747253212,37.987646286337,34.15556594074159
Manipur,2007,24.843212075885575,34.14074716823422,29.110316428778614
Manipur,2008,23.557956960567218,38.846897154650065,31.182416553410814
Manipur,2009,32.104558261391865,42.21636251779208,36.75018828854709
Manipur,2010,25.92382129649888,42.815519271059976,35.287851579351795
Manipur,2011,24.74119802699359,37.66394244496268,32.622048094908955
Manipur,2012,27.01306894527333,43.083253654485304,35.9791913277381
Manipur,2013,20.13758548001422,32.77413633230207,29.26572480774924
Manipur,2014,22.236079883166944,38.290190641484216,31.01165693051079
Manipur,2015,26.20210772870957,36.739612595055384,31.21592371881358
Manipur,2016,22.553765278892634,41.09174276107684,33.27174960847548
Manipur,2017,23.2773253554546,32.7208152101097,28.432410511673613
Manipur,2018,26.19681239566412,40.81153275778515,34.37741319333945
Manipur,2019,20.40547334737029,32.49537599391072,27.758319200841363
Manipur,2020,21.969772466250937,38.365063331489296,31.20516681247173
Manipur,2021,25.61632569179697,37.69424596964316,32.91484577392305
Manipur,2022,22.58170021228331,33.86594392754298,27.57105136459656
Meghalaya,1998,10.143698563851828,47.613978841086436,19.66091797894678
Meghalaya,1999,9.014322161869746,44.88940238110886,19.230996883520476
Meghalaya,2000,12.971279505678751,48.82259293745578,22.663798064704217
Meghalaya,2001,15.217797070140485,63.07352632053989,27.973700091684936
Meghalaya,2002,17.95581687903658,56.69848519496273,26.895938539323648
Meghalaya,2003,18.945453151112236,56.45774250637137,27.285924016717566
Meghalaya,2004,16.35917273224473,62.310144556138034,27.993376641255786
Meghalaya,2005,18.79961607435791,59.40644958799045,28.527398007496117
Meghalaya,2006,25.07785675517767,78.24660930596538,37.33848483828758
Meghalaya,2007,22.212857769526437,64.01342830671511,33.91700936252586
Meghalaya,2008,19.804447027058455,68.36700519227782,35.286709842379146
Meghalaya,2009,26.82856376071501,89.14993228929733,42.0100912638764
Meghalaya,2010,16.826670890038915,72.36136892948362,33.6196743556892
Meghalaya,2011,22.66338704824365,84.51548729516907,39.411539503300276
Meghalaya,2012,22.504589459245025,73.26997934455687,37.17450170197039
Meghalaya,2013,16.35535194675955,63.89183561902801,30.199828985359645
Meghalaya,2014,19.221513962763044,79.4719314314798,36.088418776950434
Meghalaya,2015,22.116043727017473,54.53011330664879,32.2646819105742
Meghalaya,2016,22.186994590881973,57.324412235785495,34.09110931566591
Meghalaya,2017,19.126798806151545,52.794968623302715,32.45099017788702
Meghalaya,2018,25.89499071411331,65.85903192581858,37.87687637329475
Meghalaya,2019,19.060750439699635,64.52210839146262,32.305356700290346
Meghalaya,2020,19.169660809135188,65.51348578707183,36.02225160819562
Meghalaya,2021,21.484265177881365,61.16228080255384,34.507304760397496
Meghalaya,2022,20.249675703747,60.51174551578839,30.525081295974715
Mizoram,1998,12.623127377360118,27.886230526695712,17.825764019983733
Mizoram,1999,17.5208082037074,28.21910535766511,21.413309026939423
Mizoram,2000,11.852198629553396,21.813172684896067,15.564729895229798
Mizoram,2001,14.280989676727684,27.23149358478161,19.327798133277767
Mizoram,2002,14.407698273871103,27.954810860194815,17.878336661420043
Mizoram,2003,16.69241613096015,26.797143285085063,20.205682462588825
Mizoram,2004,15.56079653891714,27.209989145967807,21.118089766857768
Mizoram,2005,15.825621569673824,23.351774926806335,19.179426695047415
Mizoram,2006,23.69003013720665,39.51227941622412,27.815478818460463
Mizoram,2007,21.801886383195217,30.974864824052247,24.14251592241674
Mizoram,2008,19.376002006590983,50.04098934783775,27.70861877212951
Mizoram,2009,25.167825361126408,40.7077565417877,29.453027266407993
Mizoram,2010,20.50715448572416,31.91859179239251,23.653205770784872
Mizoram,2011,18.98056225031355,37.00971874076758,24.54995989383967
Mizoram,2012,21.896858139661884,35.994564292146414,27.231466206791527
Mizoram,2013,13.425114593650244,24.93565330190876,17.902290774421
Mizoram,2014,16.705701382036242,35.09813676285095,21.784657152105993
Mizoram,2015,22.38613940514616,34.18606061689361,26.110534678728825
Mizoram,2016,21.247067666098303,31.564544094901773,24.66577324592571
Mizoram,2017,15.9373554224574,34.6524656565866,21.29199730685693
Mizoram,2018,22.04564152479687,33.92621711129558,26.350695819805065
Mizoram,2019,16.304605445032898,28.477819731062723,20.0960654845046
Mizoram,2020,21.36039061919128,43.0568401176691,28.804339901373368
Mizoram,2021,23.763898985462504,37.93603212117778,27.935197368837766
Mizoram,2022,19.565198623187644,30.049773802981708,22.404326853879567
Nagaland,1998,16.737564871073232,29.62366120672864,22.016491312593963
Nagaland,1999,18.1473401627015,29.867829254590553,25.91044980205026
Nagaland,2000,15.91225754909316,29.25098354550867,23.640195182618896
Nagaland,2001,20.333823057839787,43.38669645442139,27.283380899954967
Nagaland,2002,16.833683260561433,29.522288708139044,26.558342504106957
Nagaland,2003,22.297777093775135,31.67923067252017,26.395232445050112
Nagaland,2004,20.32989186562599,31.287265448456232,27.776472970473513
Nagaland,2005,23.222962934087384,31.855951534049854,27.99429509840345
Nagaland,2006,25.091691101709753,39.625393331406634,33.16148653290673
Nagaland,2007,22.45606951051487,36.453355485997776,29.6496004173078
Nagaland,2008,18.93446425954968,40.44859095323876,30.54959494057252
Nagaland,2009,28.364927300391088,43.516232840055885,36.84816981935896
Nagaland,2010,24.937601100190463,47.78079501743685,32.79586315287439
Nagaland,2011,21.346973347884333,61.34576362111805,34.658812321681495
Nagaland,2012,23.58784925572574,44.15747805364049,34.42549401431059
Nagaland,2013,17.347606358583807,36.16609588091783,28.4518225169153
Nagaland,2014,20.0855298970265,34.18058099055734,28.34067805842449
Nagaland,2015,22.233392859740064,37.40074639127987,28.296821263347002
Nagaland,2016,18.051120238282024,39.34948563799466,28.361710682183226
Nagaland,2017,17.55342570762931,36.39186543251826,30.182950416294045
Nagaland,2018,20.60842421915664,43.63295125457344,31.90919215318618
Nagaland,2019,18.522144977897376,35.89633289754713,29.006920128463857
Nagaland,2020,19.536759763594404,42.38996755354606,28.309536712229434
Nagaland,2021,20.991476803236335,37.8370294173651,31.697126429520434
Nagaland,2022,19.325147988445565,39.10112320890543,27.416480733152614
Delhi,1998,55.16264965774475,67.73621464904826,63.07866137929254
Delhi,1999,56.311497068875006,67.04331655275017,63.10609390018681
Delhi,2000,66.14553366131622,77.4588568697093,72.81600998091795
Delhi,2001,71.4690017531258,81.88901814813391,77.77091733171028
Delhi,2002,74.13288944725073,86.25591893132393,82.31948714967176
Delhi,2003,84.12282708110652,97.00297865342438,92.1413945014843
Delhi,2004,77.69026419032154,89.93637494232334,85.41098108144588
Delhi,2005,74.65678992819038,86.69731243453407,82.47925307492223
Delhi,2006,68.79193840404149,79.97633060852215,75.74664350097959
Delhi,2007,76.71506423101224,89.17795832511895,84.42360727941023
Delhi,2008,85.17026432796293,99.30738304632702,93.6364160429116
Delhi,2009,74.84382856847087,90.5789820980252,85.46888069335373
Delhi,2010,99.83394216954882,113.29762311984132,108.35697188069075
Delhi,2011,106.66965862595995,120.73015178336225,114.95728679906468
Delhi,2012,92.7281299145732,107.5231147860441,101.60025661700429
Delhi,2013,95.05923969822662,108.08495582962898,102.86154898541405
Delhi,2014,88.2078824576515,102.00607144394284,96.0582984401847
Delhi,2015,89.99001454850038,101.4945331590883,96.45038863986436
Delhi,2016,107.19494913918376,123.13913861141717,116.54359808073053
Delhi,2017,101.14348281576802,115.5817071239112,108.98301508558154
Delhi,2018,102.8704044034174,119.6029469056927,113.1243079586907
Delhi,2019,94.77050741230138,107.0087161174242,102.76027616485828
Delhi,2020,90.70889818558484,101.03019654193288,96.79900667586669
Delhi,2021,96.85237364186963,108.69296720261416,104.15505327229376
Delhi,2022,89.32197354052506,101.15168886540776,95.94280048031118
Odisha,1998,12.973491956499403,45.929263031701026,22.130276170628413
Odisha,1999,15.164692013662464,46.032322147805,24.871929345852298
Odisha,2000,13.957968872321716,47.21320654136563,25.040294028599543
Odisha,2001,16.879684529998645,60.788506779342136,29.73077325293343
Odisha,2002,17.430661750236986,47.48942793505915,29.504214172668714
Odisha,2003,17.38484804724556,51.662576807138,28.135811466238312
Odisha,2004,21.43103199264999,63.03280865699042,32.37439994938969
Odisha,2005,19.278605465589724,49.68056693757409,33.2878273073124
Odisha,2006,21.189171838368107,52.150586736576095,34.59453182180107
Odisha,2007,25.433463553845822,62.49313198077482,35.98607688138096
Odisha,2008,25.664149566395327,77.56342711296207,42.46177937531854
Odisha,2009,26.342089096161427,63.908293825106675,40.08541646171125
Odisha,2010,26.72804553364508,69.5524367868341,38.16558204810353
Odisha,2011,31.361866452592732,68.35284293147707,42.691068015981216
Odisha,2012,19.360077533058305,69.16219132254085,40.561707219388104
Odisha,2013,22.150351336965524,68.27043163893511,41.98143294925937
Odisha,2014,26.028178800471377,72.67271993689444,44.10986498463115
Odisha,2015,24.94660754937311,72.13353023055069,44.865643124285704
Odisha,2016,29.26543408210191,66.63054916691976,43.724656168361506
Odisha,2017,31.669741223996617,64.90079709033377,42.30562776414237
Odisha,2018,28.985001634857696,66.0271493867541,47.391896337700246
Odisha,2019,24.704614076290824,66.35501060429097,47.71818594984209
Odisha,2020,28.63284815756314,75.1281333531205,51.56976220465955
Odisha,2021,28.144289157490757,74.28679423491627,45.45528603123276
Odisha,2022,26.826912506022644,66.6565921954278,38.76065104895017
Puducherry,1998,16.610370041495617,18.648954418522823,18.11810351250191
Puducherry,1999,17.310432925065285,23.581425256870215,21.95659691046486
Puducherry,2000,19.595431890610673,23.44057688030373,22.275425654126046
Puducherry,2001,21.13043804239901,24.555248852031895,23.2310538182491
Puducherry,2002,19.57544699015715,24.229038966035592,22.936270391977096
Puducherry,2003,21.983580761847353,25.734890847338455,23.54575167671546
Puducherry,2004,23.30186410037018,25.52107601340728,24.74014277962049
Puducherry,2005,24.30204784680812,28.29365822747322,26.588842631014472
Puducherry,2006,24.3188058211346,29.586284744713897,26.969170558210987
Puducherry,2007,26.01719499830094,29.439980351344833,27.835339143744903
Puducherry,2008,26.733045697081742,30.729712805616256,27.400564445708817
Puducherry,2009,25.5036481890141,29.193348834099787,27.739839090531703
Puducherry,2010,26.63596634938959,28.49461397219299,27.548963486321032
Puducherry,2011,25.474713190014903,29.673294304059485,27.05364440786449
Puducherry,2012,26.873468396170725,32.036131875076514,27.78048547337997
Puducherry,2013,26.822455881613816,28.822642734820626,27.059114826192324
Puducherry,2014,27.094304203459817,32.56813483634549,29.602664609559792
Puducherry,2015,22.782819969263777,33.2570497040708,23.958372437096745
Puducherry,2016,27.6435772954654,32.175875767217846,28.235269272646054
Puducherry,2017,27.2100887530379,32.00159469708403,30.16851651213009
Puducherry,2018,32.431046153534794,35.64524439515891,33.09984397924101
Puducherry,2019,24.59815878715224,32.56312335399929,25.822347379398327
Puducherry,2020,26.83005862976133,34.301036647865615,27.81196368824771
Puducherry,2021,25.61917081427999,31.768207839181407,28.315340621299327
Puducherry,2022,28.369449818678916,34.01115511696635,29.866233195132583
Punjab,1998,17.191735641704565,41.676389933891166,36.65657158548948
Punjab,1999,17.699246031357713,43.66639078990929,38.056063444487535
Punjab,2000,24.942244465400524,53.59252382891171,47.635610390265825
Punjab,2001,26.239190265840143,54.33507369968784,48.73692674357533
Punjab,2002,28.590461413136183,54.376021012889865,49.54696673760788
Punjab,2003,27.091767667535915,65.45110863194101,55.37512651963139
Punjab,2004,28.529424694652892,65.70060855761027,56.20929191435006
Punjab,2005,28.25493359155945,63.85737367738571,54.75776419843791
Punjab,2006,26.789214387267535,58.99424312786409,52.28753472965924
Punjab,2007,30.197937375724177,63.170858112576816,56.636434583469985
Punjab,2008,32.72632950079483,69.39016107391855,61.38684936659214
Punjab,2009,30.187046639220856,65.07740151840154,56.927605236268924
Punjab,2010,34.67626569480721,79.27089015647795,67.60783921806025
Punjab,2011,34.49140803743104,75.14452867418314,64.56722648203203
Punjab,2012,32.51375561763118,72.25005141935466,61.128344266808504
Punjab,2013,33.58674538386257,72.14896039302118,63.81245629162072
Punjab,2014,33.729303982101094,68.91762151241184,61.21739344399531
Punjab,2015,35.01318225804206,72.2027594702513,65.10565654737624
Punjab,2016,39.716744511869926,85.49311608987483,74.0946048807431
Punjab,2017,34.99988695838909,75.99004974912718,66.08456861659235
Punjab,2018,42.10353263325066,73.81657322349452,66.11938798398786
Punjab,2019,36.21961547471655,68.98373539422204,61.772624819595045
Punjab,2020,34.732057393544885,71.00319005908138,62.76382513866855
Punjab,2021,42.01355863730586,80.9711185029045,67.32704307887293
Punjab,2022,37.0502144653122,75.56557200818015,66.28231472267753
Rajasthan,1998,24.50292775290901,67.73925805649337,41.390957833661936
Rajasthan,1999,24.37406909869752,70.50852875377936,41.14808064442209
Rajasthan,2000,19.937014487172902,74.9193026967043,42.767980041889
Rajasthan,2001,27.78815308584389,86.61121552061087,49.07288647903899
Rajasthan,2002,32.63901495077392,77.52985443145353,51.13208681645791
Rajasthan,2003,30.60831605939942,79.49695176256982,52.448030357204324
Rajasthan,2004,35.55420386140871,81.18913008175602,56.627518317924775
Rajasthan,2005,31.779962599543857,75.91034630792838,50.894858283966116
Rajasthan,2006,35.29446606647366,70.75900857179344,50.689848152252054
Rajasthan,2007,31.35166839330704,73.10845751603107,50.057195816146255
Rajasthan,2008,35.731299324635664,84.75934447337646,57.359200166320356
Rajasthan,2009,33.90988830706587,82.02143209873388,52.27030517090512
Rajasthan,2010,33.81005949880483,103.84145118317242,60.578307610021284
Rajasthan,2011,41.25544584222595,85.48986617375017,58.97298077636903
Rajasthan,2012,38.54269316597745,87.60750041881177,56.48980594426854
Rajasthan,2013,38.197303285049045,85.96282076122807,58.37835667744291
Rajasthan,2014,39.08848013964841,80.36957775124017,56.49072514429832
Rajasthan,2015,39.47750581055918,84.38838647099973,57.83191282066532
Rajasthan,2016,37.28586865098314,89.50402089618812,57.080615729744665
Rajasthan,2017,37.957512243204455,87.67276119039519,57.76664599035061
Rajasthan,2018,38.03432270791303,96.14637906948208,61.48983933965975
Rajasthan,2019,38.34469989611619,82.57503294893128,57.627930403862365
Rajasthan,2020,36.93400362258528,88.1588324788163,54.02108425345523
Rajasthan,2021,34.828949516369086,80.56982590333897,57.1197433061685
Rajasthan,2022,38.00151057471568,80.82937298983006,55.38069652816677
Sikkim,1998,12.29948282951615,33.52191177257531,24.84903879131842
Sikkim,1999,11.871024321997451,32.26018772613542,22.173952052694357
Sikkim,2000,19.323007917180313,34.7108785713896,26.899230152096205
Sikkim,2001,24.25038402764649,48.75794595049344,37.05370482780112
Sikkim,2002,19.452388903512777,52.35312817852103,36.67290582759945
Sikkim,2003,20.749393345845142,42.15772321897509,32.1749202087082
Sikkim,2004,21.642016014436702,42.07733186221042,31.852144774309757
Sikkim,2005,18.278882389825466,43.73973898175411,32.260904576693015
Sikkim,2006,20.13532800381518,41.116541675245685,32.94656651094019
Sikkim,2007,19.422206474289137,45.41660022260768,34.32894395076645
Sikkim,2008,20.021024682804313,45.93625902419389,34.39697254455926
Sikkim,2009,26.431410534315603,60.14895617557678,47.92342008638072
Sikkim,2010,24.307924616546973,50.73228206397242,39.24526877667205
Sikkim,2011,23.594465398359,52.79438547714546,43.90476900827778
Sikkim,2012,24.412912840384266,42.36918681499892,36.372630889310535
Sikkim,2013,23.249403227655986,49.466730803291085,39.853135198087216
Sikkim,2014,26.914550169882244,54.57562924673829,45.0626709726435
Sikkim,2015,22.65290030092604,47.71791021371829,34.02168103276809
Sikkim,2016,23.451568024540023,48.7200175606088,37.553424097797595
Sikkim,2017,20.54901925820136,39.3578254677721,30.530679453684
Sikkim,2018,23.31856401890645,54.60478785876242,43.573169892289485
Sikkim,2019,22.139237926398845,48.06057854289569,38.683955509590966
Sikkim,2020,20.7578951041755,47.36521854455051,38.716484857031894
Sikkim,2021,17.811216739929865,63.99506728782312,48.05557356522022
Sikkim,2022,29.550821960698407,55.01196360824424,40.67558954452505
Tamil Nadu,1998,7.6276222700242196,22.18488466176584,17.11215046807653
Tamil Nadu,1999,8.141809877169905,24.78688068382121,19.411550813251473
Tamil Nadu,2000,10.551665411192912,24.63756492281814,20.053130626656134
Tamil Nadu,2001,11.044978903147443,27.578110134979003,22.97412062026291
Tamil Nadu,2002,14.523506336607108,27.642292169337452,23.397753756780126
Tamil Nadu,2003,13.67974799675171,27.203254752903316,22.519723572155083
Tamil Nadu,2004,12.152376702407818,28.37976797433396,24.378084821325473
Tamil Nadu,2005,14.033784867182796,31.26513890176548,26.97977974420912
Tamil Nadu,2006,14.21141323887154,31.40258240258241,27.135914572012226
Tamil Nadu,2007,15.422795490336997,32.518701507767275,27.047105548126694
Tamil Nadu,2008,18.72978783926809,31.664270570113043,27.90134037450757
Tamil Nadu,2009,18.486296269768683,32.876517712085935,28.206725238187467
Tamil Nadu,2010,16.66995757450325,33.456811509947265,28.742188795507996
Tamil Nadu,2011,17.9272601971299,35.02302370993128,30.27814812861052
Tamil Nadu,2012,15.958853713974898,34.3944675277444,28.40797211062882
Tamil Nadu,2013,14.472908391252492,32.80905258132804,26.61687555892771
Tamil Nadu,2014,17.11004881909393,36.60763843532847,29.647248505544503
Tamil Nadu,2015,14.635414806258773,31.18355519625597,25.877792071324038
Tamil Nadu,2016,13.45390000043355,35.61045706737989,29.690556684992817
Tamil Nadu,2017,20.671784422975623,38.28216895930613,31.44726972403186
Tamil Nadu,2018,17.248107738834,39.60087695283448,33.812234939657756
Tamil Nadu,2019,16.748955209779407,34.53592646683705,28.90328635782466
Tamil Nadu,2020,16.213423316844143,32.32439286482605,28.464643363427662
Tamil Nadu,2021,14.819301400194112,38.23457238325612,29.89249779998124
Tamil Nadu,2022,16.31517616407081,36.980545307446086,31.023557826940657
Tripura,1998,21.05155339194811,49.6275649972773,36.5784488905313
Tripura,1999,24.787581779101977,58.53696829506954,47.72530962693729
Tripura,2000,19.92409234944032,61.63584161353486,47.19378901606046
Tripura,2001,24.76312713994565,59.03727074196372,46.68895777895987
Tripura,2002,21.492266578556556,69.36872284591868,54.68089620094852
Tripura,2003,22.61711790366432,64.04476560883145,46.99109049021138
Tripura,2004,23.178194334500898,61.21641117775198,52.88434784571872
Tripura,2005,22.88309911901139,74.5045347591811,59.521284383467936
Tripura,2006,34.49899662999738,66.3746212151616,51.45652062953034
Tripura,2007,30.344471821466325,70.44274121218996,58.25920376210711
Tripura,2008,44.608931777659805,71.57763549537385,65.1535090420893
Tripura,2009,38.66140211401617,73.36101540297143,61.53425262325459
Tripura,2010,30.88325695937144,71.7454436316929,58.3255764923977
Tripura,2011,35.73869880043072,89.59953885457253,73.00580122681845
Tripura,2012,35.95101255579624,80.75498370827893,67.51245193788164
Tripura,2013,23.708278945265036,68.77977151645054,49.452283413878355
Tripura,2014,32.04899449116179,79.87259002972202,68.70053380801787
Tripura,2015,35.810341199715616,72.7612029630948,57.893888161510816
Tripura,2016,32.10050516089385,71.16375490934547,57.212823113999995
Tripura,2017,30.374491821131915,65.42752664945218,51.012468733781176
Tripura,2018,35.01316913520068,83.99539669091162,69.3766930384987
Tripura,2019,27.526377628264044,75.66823091720529,62.85866217186963
Tripura,2020,40.75145295211942,79.55191995715484,65.63294510131853
Tripura,2021,38.04673160291976,75.11088662726397,64.1009498616387
Tripura,2022,27.03989848417836,70.76817624156506,57.34333435222082
Uttar Pradesh,1998,23.55639652831005,66.0757023067267,53.36092466158752
Uttar Pradesh,1999,24.55344901985613,65.3004257134889,52.95912422284122
Uttar Pradesh,2000,19.50364169804779,76.45316805631,61.03169803583454
Uttar Pradesh,2001,27.105565318765706,80.21216333195862,65.93549688703136
Uttar Pradesh,2002,28.157130682819407,84.91952355416714,65.99512750010021
Uttar Pradesh,2003,30.86198540363808,94.74296554051688,70.89633142899068
Uttar Pradesh,2004,36.73913059368273,88.41798709846766,70.77073071827236
Uttar Pradesh,2005,29.742669137556344,84.14335317426064,67.12898264948821
Uttar Pradesh,2006,31.105535466403232,79.26178624878429,64.54257754497115
Uttar Pradesh,2007,31.86039844234105,85.77397991636593,68.27671378035302
Uttar Pradesh,2008,39.46105132156675,97.10863523566108,80.78232100694987
Uttar Pradesh,2009,36.12834756743537,88.39952076821152,72.8829224570098
Uttar Pradesh,2010,34.605034961775935,107.2281201067442,75.13030290376666
Uttar Pradesh,2011,40.212872843437246,115.06574365206085,84.89027711422868
Uttar Pradesh,2012,38.039849310798374,102.2895079021364,78.46845872273893
Uttar Pradesh,2013,43.80450628777081,103.1842312843932,78.82607718053212
Uttar Pradesh,2014,41.21180477842403,95.1828333769074,75.36872472707608
Uttar Pradesh,2015,37.85554990001195,96.93663882671255,72.43631620985138
Uttar Pradesh,2016,44.6177163683426,116.1326013293308,85.66601835048522
Uttar Pradesh,2017,46.435193506225595,107.84736320168314,82.35905765291116
Uttar Pradesh,2018,47.365245871502715,110.60105070871764,78.87327501447139
Uttar Pradesh,2019,44.792213316350335,100.3316061602855,81.48877339587854
Uttar Pradesh,2020,45.36490427438126,94.47093570667585,78.1392697046831
Uttar Pradesh,2021,44.23823917759524,102.41934822951544,80.96011143592386
Uttar Pradesh,2022,42.50455275408568,94.0199862274381,77.9672633406712
Uttarakhand,1998,11.66668850057497,42.30644567870026,26.992528015529277
Uttarakhand,1999,12.880968343932258,37.787723249117505,27.40287105329827
Uttarakhand,2000,20.434521635588535,45.00870138605437,34.6689424610474
Uttarakhand,2001,20.135638403034623,58.75599750547816,38.02616648232895
Uttarakhand,2002,20.851201682740385,54.46722804523616,39.28236546383298
Uttarakhand,2003,20.297104010733996,52.7172593228878,39.6819903704381
Uttarakhand,2004,21.32958948558829,55.50038854017809,41.24885540811617
Uttarakhand,2005,19.199264071024537,44.82387167361822,34.33221105729882
Uttarakhand,2006,18.875794724861265,48.796645890066515,37.83409233573362
Uttarakhand,2007,19.258759864395373,53.87317397504368,37.7255161034809
Uttarakhand,2008,20.8362729008613,60.40553895292773,44.13945525439974
Uttarakhand,2009,25.209432261481012,51.790981930996864,40.366439806238596
Uttarakhand,2010,21.993119519581267,62.61158232541125,43.925718789764744
Uttarakhand,2011,23.754149390184207,64.1150326112534,47.40319915511769
Uttarakhand,2012,24.064989351805504,60.10536407101984,44.75929973285373
Uttarakhand,2013,21.877469361040657,58.71365612549596,43.295457114829325
Uttarakhand,2014,25.418109565438755,59.28495284175497,45.21176118839534
Uttarakhand,2015,23.299267911278815,55.28282263011622,43.43468237811687
Uttarakhand,2016,25.706198446286965,63.33430172525565,49.14016623977476
Uttarakhand,2017,20.97592581625456,58.99232931641263,44.94549645618731
Uttarakhand,2018,23.63713338708921,60.93700933591366,48.576278826946144
Uttarakhand,2019,20.306974346912387,62.69131452581021,44.891890313078285
Uttarakhand,2020,21.4367833349646,54.070504416564326,40.659952577779634
Uttarakhand,2021,19.322764428736495,61.172750675558866,46.22807282603839
Uttarakhand,2022,25.334021856076873,64.16138843540342,44.18716520244203
West Bengal,1998,17.073747473991517,48.23982256840787,28.001363115288818
West Bengal,1999,12.841625306326314,47.61996979671874,30.750197021605505
West Bengal,2000,15.961832428146185,53.14193422761585,36.583226612100454
West Bengal,2001,20.63797131875724,57.072910548969624,39.05729696486993
West Bengal,2002,20.661023256020464,56.47453806473379,40.49227414261028
West Bengal,2003,17.34185222614117,62.346352447599685,38.55031277762837
West Bengal,2004,22.92297410297435,56.4362536614015,41.198872363307515
West Bengal,2005,23.75954560954232,58.09994318669572,43.6812030112638
West Bengal,2006,27.40494200451122,67.54682190325228,48.652889768896046
West Bengal,2007,27.77815138214863,66.78572591646439,47.824291597721945
West Bengal,2008,30.68132206897527,77.1693348628491,53.52080232811288
West Bengal,2009,39.67026889211,74.00839402490527,57.43548915290107
West Bengal,2010,29.51508272379427,67.66993164345674,50.476131522713935
West Bengal,2011,28.51006679712653,74.45300901302856,54.606035157125206
West Bengal,2012,39.0718935613622,83.12085211343683,57.3390185415203
West Bengal,2013,32.183207177625526,85.92255906825544,57.43395635590645
West Bengal,2014,32.33784661766371,88.72230525545733,57.25924065183971
West Bengal,2015,32.34011630608249,108.49858365782514,57.45363512919445
West Bengal,2016,31.43457877318015,84.84382464583794,57.953938014907344
West Bengal,2017,29.57543331592473,74.21496741684686,55.31058093308329
West Bengal,2018,39.47243819139396,77.75660516033177,62.68326995984546
West Bengal,2019,32.62824788964932,74.07588297427526,57.0889190696709
West Bengal,2020,37.67573340770695,87.47506770451614,62.287889960288844
West Bengal,2021,34.21986163103854,75.4613743021415,56.361728811292124
West Bengal,2022,17.76721113689642,69.68396806774163,46.2426360219884
